ObjectId,Country,ISO2,ISO3,Indicator,Code,Unit,F2005,F2006,F2007,F2008,F2009,F2010,F2011,F2012,F2013,F2014,F2015
1,Argentina,AR,ARG,Carbon footprint-adjusted loans to total loans for deposit takers (Based on emission intensities - normalized),ECFLIN_RO,Ratio,,,,,,,,,,,100
2,Argentina,AR,ARG,Carbon footprint-adjusted loans to total loans for deposit takers (Based on emission intensities),ECFLI_RO,Ratio,,,,,,,,,,,151.436374355724
3,Argentina,AR,ARG,Carbon footprint-adjusted loans to total loans for deposit takers (Based on emission multipliers - normalized),,Ratio,,,,,,,,,,,100
4,Argentina,AR,ARG,Carbon footprint-adjusted loans to total loans for deposit takers (Based on emission multipliers),ECFLM_RO,Ratio,,,,,,,,,,,302.324999980528
5,Belgium,BE,BEL,Carbon footprint-adjusted loans to total loans for deposit takers (Based on emission intensities - normalized),ECFLIN_RO,Ratio,,,,,,,,100,87.6280466071311,79.8752404875407,108.585672899011
6,Belgium,BE,BEL,Carbon footprint-adjusted loans to total loans for deposit takers (Based on emission intensities),ECFLI_RO,Ratio,,,,,,,,95.4411374538711,83.6336064761507,76.2452060804513,103.651506041562
7,Belgium,BE,BEL,Carbon footprint-adjusted loans to total loans for deposit takers (Based on emission multipliers - normalized),,Ratio,,,,,,,,100,90.4584334533549,82.4142965775472,108.210845692705
8,Belgium,BE,BEL,Carbon footprint-adjusted loans to total loans for deposit takers (Based on emission multipliers),ECFLM_RO,Ratio,,,,,,,,150.910196547237,136.51099971801,124.3715769482,163.301199920289
9,Brazil,BR,BRA,Carbon footprint-adjusted loans to total loans for deposit takers (Based on emission intensities - normalized),ECFLIN_RO,Ratio,,,,,,,,100,116.687802843665,134.961928027263,175.655112339192
10,Brazil,BR,BRA,Carbon footprint-adjusted loans to total loans for deposit takers (Based on emission intensities),ECFLI_RO,Ratio,,,,,,,,118.680528340586,138.485700923883,160.173529241397,208.468415381403
11,Brazil,BR,BRA,Carbon footprint-adjusted loans to total loans for deposit takers (Based on emission multipliers - normalized),,Ratio,,,,,,,,100,115.108767908924,131.963138744771,166.960042313806
12,Brazil,BR,BRA,Carbon footprint-adjusted loans to total loans for deposit takers (Based on emission multipliers),ECFLM_RO,Ratio,,,,,,,,243.28514046026,280.042527689301,321.046707450984,406.188973455654
13,Brunei Darussalam,BN,BRN,Carbon footprint-adjusted loans to total loans for deposit takers (Based on emission intensities - normalized),ECFLIN_RO,Ratio,,,,,,100,47.5701689866587,47.8505292102136,62.956904796122,74.3451930662612,79.9859187102481
14,Brunei Darussalam,BN,BRN,Carbon footprint-adjusted loans to total loans for deposit takers (Based on emission intensities),ECFLI_RO,Ratio,,,,,,190.352557737394,90.5510333861055,91.0847062425206,119.840078551714,141.517976556432,152.25524209471
15,Brunei Darussalam,BN,BRN,Carbon footprint-adjusted loans to total loans for deposit takers (Based on emission multipliers - normalized),,Ratio,,,,,,100,58.4660866964836,57.4819653249217,65.5747871010971,74.541267623077,79.775823983178
16,Brunei Darussalam,BN,BRN,Carbon footprint-adjusted loans to total loans for deposit takers (Based on emission multipliers),ECFLM_RO,Ratio,,,,,,362.812660394747,212.122364572212,208.551847642535,237.913629629682,270.445156155254,289.436789345199
17,Bulgaria,BG,BGR,Carbon footprint-adjusted loans to total loans for deposit takers (Based on emission intensities - normalized),ECFLIN_RO,Ratio,,,,,100,108.608460893898,107.777156744109,128.182307260849,99.1950215739261,118.741272076227,149.27862637045
18,Bulgaria,BG,BGR,Carbon footprint-adjusted loans to total loans for deposit takers (Based on emission intensities),ECFLI_RO,Ratio,,,,,227.229456563181,246.790415470841,244.901447568886,291.267960198975,225.400308460163,269.815147255019,339.205011466555
19,Bulgaria,BG,BGR,Carbon footprint-adjusted loans to total loans for deposit takers (Based on emission multipliers - normalized),,Ratio,,,,,100,112.778408249204,116.91693359082,117.666623840523,101.768307846612,100.679568733868,120.282088382809
20,Bulgaria,BG,BGR,Carbon footprint-adjusted loans to total loans for deposit takers (Based on emission multipliers),ECFLM_RO,Ratio,,,,,559.506647451584,631.00269104438,654.158015437192,658.352582219575,569.400447400785,563.308879691578,672.986280195407
21,Canada,CA,CAN,Carbon footprint-adjusted loans to total loans for deposit takers (Based on emission intensities - normalized),ECFLIN_RO,Ratio,100,92.0465575147225,85.6497720818211,82.181168576409,84.7468341214043,77.7149557576917,72.3063923449311,67.1061358989375,70.6462524622703,76.0334217134813,92.0270896295096
22,Canada,CA,CAN,Carbon footprint-adjusted loans to total loans for deposit takers (Based on emission intensities),ECFLI_RO,Ratio,237.441480473671,218.556708888006,203.368086853401,195.132183338389,201.224137592429,184.527541500522,171.685368460906,159.337802567111,167.743507745582,180.53488217128,218.51048405314
23,Canada,CA,CAN,Carbon footprint-adjusted loans to total loans for deposit takers (Based on emission multipliers - normalized),,Ratio,100,89.5871791791737,83.5596532168995,77.8761680728979,81.8890847210384,74.3337831283155,66.876138037326,62.9407463146123,64.2961532722574,68.0831905160919,78.5546574651597
24,Canada,CA,CAN,Carbon footprint-adjusted loans to total loans for deposit takers (Based on emission multipliers),ECFLM_RO,Ratio,428.006366444012,383.438830404468,357.640635546869,333.314957294642,350.490496028775,318.153324207875,286.234128431641,269.390401313916,275.191629383862,291.400389887079,336.21893508917
25,"China, P.R.: Hong Kong",HK,HKG,Carbon footprint-adjusted loans to total loans for deposit takers (Based on emission intensities - normalized),ECFLIN_RO,Ratio,100,94.710828910962,81.9075165521541,69.6872213719742,93.8248578560121,95.0596301812967,84.4393794833165,75.854079914022,69.2432466842058,88.3734217788313,78.9530169288932
26,"China, P.R.: Hong Kong",HK,HKG,Carbon footprint-adjusted loans to total loans for deposit takers (Based on emission intensities),ECFLI_RO,Ratio,171.16464795972,162.111456885181,140.196712359044,119.27988713425,160.594987647951,162.708481351628,144.530366631991,129.83536884792,118.519959422901,151.264056277695,135.139653479918
27,"China, P.R.: Hong Kong",HK,HKG,Carbon footprint-adjusted loans to total loans for deposit takers (Based on emission multipliers - normalized),,Ratio,100,93.1653666599224,84.7327828266592,75.1711632564398,93.1273476809988,94.5696641089454,85.3130771976866,76.7078420146051,70.3762961005858,83.1041805427197,74.390728995132
28,"China, P.R.: Hong Kong",HK,HKG,Carbon footprint-adjusted loans to total loans for deposit takers (Based on emission multipliers),ECFLM_RO,Ratio,297.319585856248,276.998882314736,251.927158984697,223.498591277371,276.885844444054,281.174133674361,253.652487805383,228.067438197089,209.242512107229,247.085005418843,221.17820736377
29,Colombia,CO,COL,Carbon footprint-adjusted loans to total loans for deposit takers (Based on emission intensities - normalized),ECFLIN_RO,Ratio,,,,,,,,,,,100
30,Colombia,CO,COL,Carbon footprint-adjusted loans to total loans for deposit takers (Based on emission intensities),ECFLI_RO,Ratio,,,,,,,,,,,137.0014184
31,Colombia,CO,COL,Carbon footprint-adjusted loans to total loans for deposit takers (Based on emission multipliers - normalized),,Ratio,,,,,,,,,,,100
32,Colombia,CO,COL,Carbon footprint-adjusted loans to total loans for deposit takers (Based on emission multipliers),ECFLM_RO,Ratio,,,,,,,,,,,272.91222508887
33,Costa Rica,CR,CRI,Carbon footprint-adjusted loans to total loans for deposit takers (Based on emission intensities - normalized),ECFLIN_RO,Ratio,,,,100,79.2445740774438,63.7076345101494,56.5198164659023,64.6136300293702,66.9835597526237,65.4344064928592,43.2767927920649
34,Costa Rica,CR,CRI,Carbon footprint-adjusted loans to total loans for deposit takers (Based on emission intensities),ECFLI_RO,Ratio,,,,78.6215538589891,62.303315488624,50.087932178685,44.4367579437411,50.8002399337892,52.6635155075771,51.4455471430931,34.0248869534564
35,Costa Rica,CR,CRI,Carbon footprint-adjusted loans to total loans for deposit takers (Based on emission multipliers - normalized),,Ratio,,,,100,81.0110362397906,66.0027026509552,57.8690490055314,58.7549358066533,61.0220245255305,58.8377518912436,38.8602925979939
36,Costa Rica,CR,CRI,Carbon footprint-adjusted loans to total loans for deposit takers (Based on emission multipliers),ECFLM_RO,Ratio,,,,134.51470004817,108.971752403869,88.7833374946179,77.842377690519,79.0340256638146,82.0835932538381,79.1454254715928,52.2728060260327
37,"Croatia, Rep. of",HR,HRV,Carbon footprint-adjusted loans to total loans for deposit takers (Based on emission intensities - normalized),ECFLIN_RO,Ratio,,,,,,100,96.350612687396,103.331627025255,96.4730532044525,110.03662569102,115.77826248813
38,"Croatia, Rep. of",HR,HRV,Carbon footprint-adjusted loans to total loans for deposit takers (Based on emission intensities),ECFLI_RO,Ratio,,,,,,85.3793854784667,82.2635610172363,88.223908159064,82.3680999782758,93.9485948162332,98.8507690300112
39,"Croatia, Rep. of",HR,HRV,Carbon footprint-adjusted loans to total loans for deposit takers (Based on emission multipliers - normalized),,Ratio,,,,,,100,90.068057521673,94.8460041506083,87.9530015125614,93.5889192566653,99.8702029439406
40,"Croatia, Rep. of",HR,HRV,Carbon footprint-adjusted loans to total loans for deposit takers (Based on emission multipliers),ECFLM_RO,Ratio,,,,,,198.317687089896,178.620888483779,188.096401728673,174.426358325853,185.603380042248,198.060276570408
41,Cyprus,CY,CYP,Carbon footprint-adjusted loans to total loans for deposit takers (Based on emission intensities - normalized),ECFLIN_RO,Ratio,,,,,,100,104.305173818593,92.9642975704631,83.0536366555419,79.2248076223416,87.8198813020689
42,Cyprus,CY,CYP,Carbon footprint-adjusted loans to total loans for deposit takers (Based on emission intensities),ECFLI_RO,Ratio,,,,,,73.6870713563862,76.8594278601092,68.5026682867103,61.1997925064429,58.3784405246346,64.7118986001492
43,Cyprus,CY,CYP,Carbon footprint-adjusted loans to total loans for deposit takers (Based on emission multipliers - normalized),,Ratio,,,,,,100,96.2905758946278,88.9654021016547,81.3852724350915,78.3272993877852,84.0902673307615
44,Cyprus,CY,CYP,Carbon footprint-adjusted loans to total loans for deposit takers (Based on emission multipliers),ECFLM_RO,Ratio,,,,,,226.760647823592,218.349133691726,201.738522144576,184.549771006809,177.615491514466,190.683634955825
45,Czech Rep.,CZ,CZE,Carbon footprint-adjusted loans to total loans for deposit takers (Based on emission intensities - normalized),ECFLIN_RO,Ratio,100,71.1353064209994,66.4272964529931,46.485759781029,58.1595607137305,65.4078482145956,61.7773936460334,65.21994708866,71.0182485424876,81.296201165853,86.1022983217833
46,Czech Rep.,CZ,CZE,Carbon footprint-adjusted loans to total loans for deposit takers (Based on emission intensities),ECFLI_RO,Ratio,275.156680566244,195.733547858649,182.779143909954,127.908673549478,160.02991669181,179.974063977089,169.984625696768,179.457041476218,195.411455285794,223.691928554418,236.916225953464
47,Czech Rep.,CZ,CZE,Carbon footprint-adjusted loans to total loans for deposit takers (Based on emission multipliers - normalized),,Ratio,100,81.2354595613629,71.4351030158563,51.7971693011819,57.5551188030999,61.0202989509792,57.3557588154536,59.0938021550488,60.5168742130243,64.204631723695,71.9374673453402
48,Czech Rep.,CZ,CZE,Carbon footprint-adjusted loans to total loans for deposit takers (Based on emission multipliers),ECFLM_RO,Ratio,583.592111051535,474.083733376573,416.889625722074,302.284193789705,335.887132841229,356.109650817977,334.723683680733,344.866767497266,353.17170376219,374.693165669175,419.821384317679
49,Denmark,DK,DNK,Carbon footprint-adjusted loans to total loans for deposit takers (Based on emission intensities - normalized),ECFLIN_RO,Ratio,,,,,,,,,100,58.17170362,44.21126125
50,Denmark,DK,DNK,Carbon footprint-adjusted loans to total loans for deposit takers (Based on emission intensities),ECFLI_RO,Ratio,,,,,,,,,91.78,53.39,40.58
51,Denmark,DK,DNK,Carbon footprint-adjusted loans to total loans for deposit takers (Based on emission multipliers - normalized),,Ratio,,,,,,,,,100,60.866797747526,50.334051404752
52,Denmark,DK,DNK,Carbon footprint-adjusted loans to total loans for deposit takers (Based on emission multipliers),ECFLM_RO,Ratio,,,,,,,,,132.838617472919,80.8546126278514,66.863058004181
53,"Estonia, Rep. of",EE,EST,Carbon footprint-adjusted loans to total loans for deposit takers (Based on emission intensities - normalized),ECFLIN_RO,Ratio,,,,100,130.075009827514,209.412568113321,138.502936035312,177.762924555852,167.431306323172,155.54554358279,189.482104051876
54,"Estonia, Rep. of",EE,EST,Carbon footprint-adjusted loans to total loans for deposit takers (Based on emission intensities),ECFLI_RO,Ratio,,,,197.323838553369,256.669002390323,413.220917814394,273.299309893996,350.768626258337,330.381880576933,306.928437296266,373.893361086851
55,"Estonia, Rep. of",EE,EST,Carbon footprint-adjusted loans to total loans for deposit takers (Based on emission multipliers - normalized),,Ratio,,,,100,123.236504166837,185.304782755391,124.169905713851,150.819661470119,145.679133999846,133.510866152462,153.798408660239
56,"Estonia, Rep. of",EE,EST,Carbon footprint-adjusted loans to total loans for deposit takers (Based on emission multipliers),ECFLM_RO,Ratio,,,,410.671335013941,506.096996886459,760.993625186247,509.930209480623,619.373117222845,598.262444433916,548.290856416991,631.6059780752
57,Finland,FI,FIN,Carbon footprint-adjusted loans to total loans for deposit takers (Based on emission intensities - normalized),ECFLIN_RO,Ratio,,,,,,100,79.8018359956371,73.2616143462403,79.2569766425612,74.6379964412033,79.0533232524069
58,Finland,FI,FIN,Carbon footprint-adjusted loans to total loans for deposit takers (Based on emission intensities),ECFLI_RO,Ratio,,,,,,165.240784156782,131.8651795707,121.058066031645,130.964849703125,123.332410598355,130.628331244272
59,Finland,FI,FIN,Carbon footprint-adjusted loans to total loans for deposit takers (Based on emission multipliers - normalized),,Ratio,,,,,,100,78.4643836464521,71.5150379666807,75.2997750101785,71.7509166770383,73.9510527204695
60,Finland,FI,FIN,Carbon footprint-adjusted loans to total loans for deposit takers (Based on emission multipliers),ECFLM_RO,Ratio,,,,,,303.144835035072,237.860726366323,216.794143869363,228.267378736386,217.509197996759,224.178796776166
61,France,FR,FRA,Carbon footprint-adjusted loans to total loans for deposit takers (Based on emission intensities - normalized),ECFLIN_RO,Ratio,,100,81.4516107495581,72.759637267976,76.6026340483427,77.7350015812528,68.5933330532418,71.9773682068385,67.3095123038664,59.8694494015776,67.9972297758029
62,France,FR,FRA,Carbon footprint-adjusted loans to total loans for deposit takers (Based on emission intensities),ECFLI_RO,Ratio,,54.991316035461,44.791312683263,40.0114820762878,42.1247965810118,42.7475003897174,37.7203765585645,39.58130202463,37.0143866329467,32.922998129112,37.3925715213704
63,France,FR,FRA,Carbon footprint-adjusted loans to total loans for deposit takers (Based on emission multipliers - normalized),,Ratio,,100,83.8286328872658,74.4954858095916,77.7925002996163,80.1172338336502,69.6968202955197,73.7463767406033,68.3732704622363,59.8321298380075,69.4798550582886
64,France,FR,FRA,Carbon footprint-adjusted loans to total loans for deposit takers (Based on emission multipliers),ECFLM_RO,Ratio,,91.6292606615858,76.8115565373166,68.2596628735854,71.2806928747004,73.4108290242876,63.8626811414188,67.5732597721225,62.6499222146935,54.8237382086463,63.6638774986513
65,Germany,DE,DEU,Carbon footprint-adjusted loans to total loans for deposit takers (Based on emission intensities - normalized),ECFLIN_RO,Ratio,,,100,102.976129567815,118.679919330672,130.420013044276,126.644646848903,146.682746176221,151.319036169576,147.459668023169,168.533378927236
66,Germany,DE,DEU,Carbon footprint-adjusted loans to total loans for deposit takers (Based on emission intensities),ECFLI_RO,Ratio,,,104.65587071597,107.770565028802,124.205502940526,136.492200239369,132.541057874885,153.512105200821,158.364254862283,154.325199524526,176.380075163344
67,Germany,DE,DEU,Carbon footprint-adjusted loans to total loans for deposit takers (Based on emission multipliers - normalized),,Ratio,,,100,100.310568809468,114.477245191161,126.196464465806,118.86965555888,134.189032602212,134.307907537715,129.94501103725,150.613487613915
68,Germany,DE,DEU,Carbon footprint-adjusted loans to total loans for deposit takers (Based on emission multipliers),ECFLM_RO,Ratio,,,173.417710961648,173.956292281988,198.523818182465,218.847019991131,206.141035698205,232.707548700336,232.913698892393,225.347663649661,261.190462619557
69,Greece,GR,GRC,Carbon footprint-adjusted loans to total loans for deposit takers (Based on emission intensities - normalized),ECFLIN_RO,Ratio,,,,,,100,110.861932029139,126.41600604267,105.61192053826,91.029670694276,106.59357285424
70,Greece,GR,GRC,Carbon footprint-adjusted loans to total loans for deposit takers (Based on emission intensities),ECFLI_RO,Ratio,,,,,,215.251364320105,238.631821204349,272.112177725833,227.331099843271,195.942608105528,229.444119846296
71,Greece,GR,GRC,Carbon footprint-adjusted loans to total loans for deposit takers (Based on emission multipliers - normalized),,Ratio,,,,,,100,107.454735708166,118.513265588089,105.448699815605,101.339759853258,119.299408447113
72,Greece,GR,GRC,Carbon footprint-adjusted loans to total loans for deposit takers (Based on emission multipliers),ECFLM_RO,Ratio,,,,,,338.18550331403,363.396338789422,400.794683722972,356.612216209503,342.716376916969,403.45330490753
73,Hungary,HU,HUN,Carbon footprint-adjusted loans to total loans for deposit takers (Based on emission intensities - normalized),ECFLIN_RO,Ratio,,,,100,106.590103285278,114.321378634132,99.9845305291152,100.979685870047,87.5644937579296,91.0047612207641,114.387079464226
74,Hungary,HU,HUN,Carbon footprint-adjusted loans to total loans for deposit takers (Based on emission intensities),ECFLI_RO,Ratio,,,,131.348287532649,140.004275344495,150.159173119648,131.327968647551,132.635088146155,115.014463037674,119.533195436649,150.245470034871
75,Hungary,HU,HUN,Carbon footprint-adjusted loans to total loans for deposit takers (Based on emission multipliers - normalized),,Ratio,,,,100,103.981625338319,106.707700941683,90.8884217876609,90.9021599304356,80.0540068374347,81.6315281430753,102.040267293613
76,Hungary,HU,HUN,Carbon footprint-adjusted loans to total loans for deposit takers (Based on emission multipliers),ECFLM_RO,Ratio,,,,230.248169110531,239.415788552851,245.692527718165,209.268927099546,209.300558921754,184.322885042813,187.955098966379,234.945847199035
77,Iceland,IS,ISL,Carbon footprint-adjusted loans to total loans for deposit takers (Based on emission intensities - normalized),ECFLIN_RO,Ratio,100,85.287344323218,74.4739577079175,71.9567799604379,97.186829350868,92.8557738935929,92.6491316660808,106.928610373679,108.701784251184,111.743560010359,117.474185136166
78,Iceland,IS,ISL,Carbon footprint-adjusted loans to total loans for deposit takers (Based on emission intensities),ECFLI_RO,Ratio,69.7688912727413,59.5040345302745,51.9596545797443,50.2034475739636,67.8061733012317,64.7844439282833,64.6402719372469,74.6029059110653,75.8400296657381,77.9622428879179,81.9604365011905
79,Iceland,IS,ISL,Carbon footprint-adjusted loans to total loans for deposit takers (Based on emission multipliers - normalized),,Ratio,100,87.1588910681865,71.480937525725,72.0928403761354,88.0718961804629,89.041976431627,87.0229133203918,98.9211850315209,102.538122377802,105.904086520697,109.848570428532
80,Iceland,IS,ISL,Carbon footprint-adjusted loans to total loans for deposit takers (Based on emission multipliers),ECFLM_RO,Ratio,116.39785435047,101.451079079032,83.2022775495437,83.9145193381309,102.513797439832,103.642950037665,101.292803898205,115.142136874749,119.35217433902,123.270084379557,127.861379013476
81,India,IN,IND,Carbon footprint-adjusted loans to total loans for deposit takers (Based on emission intensities - normalized),ECFLIN_RO,Ratio,,,,,,,,100,98.4020378264042,105.426262736571,107.202556815275
82,India,IN,IND,Carbon footprint-adjusted loans to total loans for deposit takers (Based on emission intensities),ECFLI_RO,Ratio,,,,,,,,719.671792852078,708.171709828263,758.723075173226,771.50656261576
83,India,IN,IND,Carbon footprint-adjusted loans to total loans for deposit takers (Based on emission multipliers - normalized),,Ratio,,,,,,,,100,98.703845678531,106.148165905902,108.799569617902
84,India,IN,IND,Carbon footprint-adjusted loans to total loans for deposit takers (Based on emission multipliers),ECFLM_RO,Ratio,,,,,,,,1292.35433590201,1275.60342932852,1371.81042456538,1406.07595539968
85,Indonesia,ID,IDN,Carbon footprint-adjusted loans to total loans for deposit takers (Based on emission intensities - normalized),ECFLIN_RO,Ratio,,,,,,100,93.0184114751263,99.8528068420833,110.340431509229,116.40468184192,129.813509268031
86,Indonesia,ID,IDN,Carbon footprint-adjusted loans to total loans for deposit takers (Based on emission intensities),ECFLI_RO,Ratio,,,,,,274.681234845549,255.504121273591,274.276922861775,303.084459803458,319.741817501418,356.573350253767
87,Indonesia,ID,IDN,Carbon footprint-adjusted loans to total loans for deposit takers (Based on emission multipliers - normalized),,Ratio,,,,,,100,91.9668104511144,95.5613325627634,99.9777872190063,108.816022716912,122.195161821221
88,Indonesia,ID,IDN,Carbon footprint-adjusted loans to total loans for deposit takers (Based on emission multipliers),ECFLM_RO,Ratio,,,,,,490.76106403918,451.337297532785,468.977812495037,490.652052358823,534.026670930634,599.686276358221
89,Ireland,IE,IRL,Carbon footprint-adjusted loans to total loans for deposit takers (Based on emission intensities - normalized),ECFLIN_RO,Ratio,100,83.8921765427393,69.1724465459177,46.211454814063,43.1527404691079,56.9107317974096,49.694753448506,37.464814743071,37.084002123997,46.0000659459018,68.366221555254
90,Ireland,IE,IRL,Carbon footprint-adjusted loans to total loans for deposit takers (Based on emission intensities),ECFLI_RO,Ratio,41.9346069858965,35.1798545251122,29.00719360156,19.3785919587425,18.0959321193643,23.8652917120414,20.8392995512412,15.7107228205011,15.5510305453396,19.2899468676672,28.6691063203031
91,Ireland,IE,IRL,Carbon footprint-adjusted loans to total loans for deposit takers (Based on emission multipliers - normalized),,Ratio,100,87.2205402052493,70.7808389249872,51.2925137995682,51.1036330929571,49.8352375084134,39.3925163263842,34.1720965901936,32.4627807768211,36.530271878492,51.3275884540703
92,Ireland,IE,IRL,Carbon footprint-adjusted loans to total loans for deposit takers (Based on emission multipliers),ECFLM_RO,Ratio,88.1650197686193,76.8980065142546,62.4039406306095,45.222054931211,45.0555282188883,43.9372470010311,34.7304198065132,30.1278357140958,28.6208170893278,32.2069214232028,45.2529785072866
93,Italy,IT,ITA,Carbon footprint-adjusted loans to total loans for deposit takers (Based on emission intensities - normalized),ECFLIN_RO,Ratio,,,,,,100,93.9433356393296,101.898809208246,85.4457656559965,82.650860757363,95.2193822734325
94,Italy,IT,ITA,Carbon footprint-adjusted loans to total loans for deposit takers (Based on emission intensities),ECFLI_RO,Ratio,,,,,,81.311848525428,76.3870627747861,82.8558053926236,69.477531541596,67.2049427039894,77.4246398810217
95,Italy,IT,ITA,Carbon footprint-adjusted loans to total loans for deposit takers (Based on emission multipliers - normalized),,Ratio,,,,,,100,93.4534025426194,98.0307318678394,83.8500412652046,81.179652186086,93.6548331131412
96,Italy,IT,ITA,Carbon footprint-adjusted loans to total loans for deposit takers (Based on emission multipliers),ECFLM_RO,Ratio,,,,,,172.597581184647,161.298312323312,169.198672021497,144.723143046071,140.114116087293,161.645976615799
97,Japan,JP,JPN,Carbon footprint-adjusted loans to total loans for deposit takers (Based on emission intensities - normalized),ECFLIN_RO,Ratio,,,,,100,96.2606863249889,107.769193825945,116.121111685321,149.126035898732,149.862464045038,170.789109814328
98,Japan,JP,JPN,Carbon footprint-adjusted loans to total loans for deposit takers (Based on emission intensities),ECFLI_RO,Ratio,,,,,60.6914153100212,58.4219729177758,65.4066490011659,70.475546155552,90.5067017826707,90.9536504474053,103.654327941702
99,Japan,JP,JPN,Carbon footprint-adjusted loans to total loans for deposit takers (Based on emission multipliers - normalized),,Ratio,,,,,100,94.2727748150842,98.004771099911,103.659387065425,128.732121861208,130.367267954907,144.316714760554
100,Japan,JP,JPN,Carbon footprint-adjusted loans to total loans for deposit takers (Based on emission multipliers),ECFLM_RO,Ratio,,,,,149.936657180541,141.349447189076,146.945077664648,155.423419819737,193.016640236276,195.468323629187,216.383657864752
101,"Kazakhstan, Rep. of",KZ,KAZ,Carbon footprint-adjusted loans to total loans for deposit takers (Based on emission intensities - normalized),ECFLIN_RO,Ratio,,,,,,,100,89.27913965,93.624405,93.96795142,162.4810815
102,"Kazakhstan, Rep. of",KZ,KAZ,Carbon footprint-adjusted loans to total loans for deposit takers (Based on emission intensities),ECFLI_RO,Ratio,,,,,,,400.959093,357.9728286,375.3955651,376.7730457,651.4826708
103,"Kazakhstan, Rep. of",KZ,KAZ,Carbon footprint-adjusted loans to total loans for deposit takers (Based on emission multipliers - normalized),,Ratio,,,,,,,100,91.5789954193451,90.4556840302417,85.3249064407683,128.2123784422
104,"Kazakhstan, Rep. of",KZ,KAZ,Carbon footprint-adjusted loans to total loans for deposit takers (Based on emission multipliers),ECFLM_RO,Ratio,,,,,,,790.797503181223,724.204409214627,715.321290796648,674.74722972531,1013.90028749018
105,"Korea, Rep. of",KR,KOR,Carbon footprint-adjusted loans to total loans for deposit takers (Based on emission intensities - normalized),ECFLIN_RO,Ratio,,,,100,116.656929643246,98.5345460163884,92.1247687217391,90.6666899389396,83.7745796739576,76.2445845294874,87.2641940536278
106,"Korea, Rep. of",KR,KOR,Carbon footprint-adjusted loans to total loans for deposit takers (Based on emission intensities),ECFLI_RO,Ratio,,,,153.15266217129,178.66319335592,150.908280382493,141.091535816487,138.858449344075,128.302998993474,116.770610968349,133.647436315451
107,"Korea, Rep. of",KR,KOR,Carbon footprint-adjusted loans to total loans for deposit takers (Based on emission multipliers - normalized),,Ratio,,,,100,119.028496011841,104.382810188979,95.3089318628952,95.5723601907126,91.5607935510694,84.8156415060775,93.9624201421693
108,"Korea, Rep. of",KR,KOR,Carbon footprint-adjusted loans to total loans for deposit takers (Based on emission multipliers),ECFLM_RO,Ratio,,,,374.207407274949,445.413448844275,390.60820764891,356.653082825588,357.638851141141,342.627271627825,317.386413043508,351.614336226806
109,Latvia,LV,LVA,Carbon footprint-adjusted loans to total loans for deposit takers (Based on emission intensities - normalized),ECFLIN_RO,Ratio,,,,100,104.502960374994,142.857187887036,117.033236781276,142.766408004864,140.823507068658,132.302489908815,166.656407901869
110,Latvia,LV,LVA,Carbon footprint-adjusted loans to total loans for deposit takers (Based on emission intensities),ECFLI_RO,Ratio,,,,74.0804840835269,77.4162989274117,105.82929633483,86.6987883461894,105.762046158666,104.322735739862,98.0103249790097,123.459873729922
111,Latvia,LV,LVA,Carbon footprint-adjusted loans to total loans for deposit takers (Based on emission multipliers - normalized),,Ratio,,,,100,112.273799197819,155.471567924174,120.585747710188,136.364573769102,133.723817299202,120.698699416275,144.064531239417
112,Latvia,LV,LVA,Carbon footprint-adjusted loans to total loans for deposit takers (Based on emission multipliers),ECFLM_RO,Ratio,,,,161.348238446034,181.151797242118,250.850636130084,194.562979747366,220.021837640889,215.761023595055,194.745225335433,232.445583380336
113,Lithuania,LT,LTU,Carbon footprint-adjusted loans to total loans for deposit takers (Based on emission intensities - normalized),ECFLIN_RO,Ratio,100,83.7350966080743,75.2524625877554,55.6488790255376,66.6625465837514,67.9867771293921,63.6571137491604,72.2566204532018,66.311641797063,60.6343950550473,78.2391591992562
114,Lithuania,LT,LTU,Carbon footprint-adjusted loans to total loans for deposit takers (Based on emission intensities),ECFLI_RO,Ratio,179.364699461233,150.191204374646,134.976353357704,99.8144446177007,119.56907633315,121.944278471512,114.178390761877,129.602870116729,118.939677017111,108.756700460622,140.333432758742
115,Lithuania,LT,LTU,Carbon footprint-adjusted loans to total loans for deposit takers (Based on emission multipliers - normalized),,Ratio,100,86.4398937834019,71.688280810754,51.0611029763764,62.6993874069615,60.2864656200622,50.6120906845599,53.3520504799106,50.9276982484981,46.5502580326876,60.8604920615493
116,Lithuania,LT,LTU,Carbon footprint-adjusted loans to total loans for deposit takers (Based on emission multipliers),ECFLM_RO,Ratio,315.229053839563,272.483659313341,225.982289313589,160.959431792476,197.646685686167,190.040455167436,159.54401459336,168.181163931828,160.538901331008,146.739937956316,191.849953287724
117,Malaysia,MY,MYS,Carbon footprint-adjusted loans to total loans for deposit takers (Based on emission intensities - normalized),ECFLIN_RO,Ratio,,100,86.50842519,72.50169588,80.81675474,94.5074199,67.53571932,61.34995684,58.93346821,65.5952366,67.96082766
118,Malaysia,MY,MYS,Carbon footprint-adjusted loans to total loans for deposit takers (Based on emission intensities),ECFLI_RO,Ratio,,335.9626511,290.6359987,243.5786196,271.5141117,317.5096334,226.894793,206.1129414,197.9944422,220.3754959,228.3229983
119,Malaysia,MY,MYS,Carbon footprint-adjusted loans to total loans for deposit takers (Based on emission multipliers - normalized),,Ratio,,100,86.972886805144,75.2776662128646,84.3803601344566,88.4518264705789,67.1958928922524,62.5699454908304,62.1470611166051,66.2647349042151,73.7738618267941
120,Malaysia,MY,MYS,Carbon footprint-adjusted loans to total loans for deposit takers (Based on emission multipliers),ECFLM_RO,Ratio,,690.790033400221,600.800033810391,520.010615574755,582.89111795604,611.016401619218,464.182530953967,432.226947354608,429.305704244652,457.750184377396,509.622484753944
121,Malta,MT,MLT,Carbon footprint-adjusted loans to total loans for deposit takers (Based on emission intensities - normalized),ECFLIN_RO,Ratio,,,,,,100,93.28316,65.18055,56.96835,62.69881,48.42873
122,Malta,MT,MLT,Carbon footprint-adjusted loans to total loans for deposit takers (Based on emission intensities),ECFLI_RO,Ratio,,,,,,570.971885113181,532.620641008311,372.162594149249,325.27326744278,357.99257735573,276.514453500387
123,Malta,MT,MLT,Carbon footprint-adjusted loans to total loans for deposit takers (Based on emission multipliers - normalized),,Ratio,,,,,,100,97.1999006235128,68.9337692788723,59.5422853515753,65.1968845871173,51.9276895862113
124,Malta,MT,MLT,Carbon footprint-adjusted loans to total loans for deposit takers (Based on emission multipliers),ECFLM_RO,Ratio,,,,,,862.853623993494,838.692865048054,594.797526378063,513.762766964614,562.553681390797,448.059951450716
125,"Netherlands, The",NL,NLD,Carbon footprint-adjusted loans to total loans for deposit takers (Based on emission intensities - normalized),ECFLIN_RO,Ratio,,,,,,,,,,,100
126,"Netherlands, The",NL,NLD,Carbon footprint-adjusted loans to total loans for deposit takers (Based on emission intensities),ECFLI_RO,Ratio,,,,,,,,,,,118.543779135647
127,"Netherlands, The",NL,NLD,Carbon footprint-adjusted loans to total loans for deposit takers (Based on emission multipliers - normalized),,Ratio,,,,,,,,,,,100
128,"Netherlands, The",NL,NLD,Carbon footprint-adjusted loans to total loans for deposit takers (Based on emission multipliers),ECFLM_RO,Ratio,,,,,,,,,,,190.230127909339
129,Peru,PE,PER,Carbon footprint-adjusted loans to total loans for deposit takers (Based on emission intensities - normalized),ECFLIN_RO,Ratio,,,100,105.217641358119,117.921255289082,122.904087225077,113.766752590822,105.541781789638,85.8051761637624,93.244156862413,107.848407473515
130,Peru,PE,PER,Carbon footprint-adjusted loans to total loans for deposit takers (Based on emission intensities),ECFLI_RO,Ratio,,,189.276216549803,199.151970705588,223.196890519208,232.628206284695,215.333404995483,199.765491450676,162.408791046663,176.489012262939,204.131385275084
131,Peru,PE,PER,Carbon footprint-adjusted loans to total loans for deposit takers (Based on emission multipliers - normalized),,Ratio,,,100,103.069955500165,113.905261024176,114.220467158482,107.060611423447,96.0692802656262,81.7821040374669,90.3420970988965,100.325887415176
132,Peru,PE,PER,Carbon footprint-adjusted loans to total loans for deposit takers (Based on emission multipliers),ECFLM_RO,Ratio,,,298.141322895716,307.294128836216,339.598652065297,340.538411803966,319.191923198108,286.422223080331,243.826246869254,269.347123422382,299.112927946473
133,Philippines,PH,PHL,Carbon footprint-adjusted loans to total loans for deposit takers (Based on emission intensities - normalized),ECFLIN_RO,Ratio,100,71.8879154840707,88.1113344694,64.7587894187288,75.5578692710171,70.3255268921293,75.8913894817384,66.6632830558653,78.6188638938882,87.1929330322136,98.3183848730977
134,Philippines,PH,PHL,Carbon footprint-adjusted loans to total loans for deposit takers (Based on emission intensities),ECFLI_RO,Ratio,343.329505518051,246.812424758694,302.512208939147,222.336031490798,259.412458948159,241.448283731712,260.557532238431,228.874720077801,269.921756650796,299.359065826184,337.556024618141
135,Philippines,PH,PHL,Carbon footprint-adjusted loans to total loans for deposit takers (Based on emission multipliers - normalized),,Ratio,100,74.8510204014504,79.919218301263,61.5466788896007,69.679686798388,64.1675955228427,63.8809481497568,58.1221113958897,67.2904715279522,74.0989689206809,82.0451349867103
136,Philippines,PH,PHL,Carbon footprint-adjusted loans to total loans for deposit takers (Based on emission multipliers),ECFLM_RO,Ratio,633.90579215155,474.484953809333,506.612553853948,390.147962358094,441.703570568041,406.762104703679,404.945030402637,368.439430659321,426.558196581779,469.717655912773,520.088862859314
137,Portugal,PT,PRT,Carbon footprint-adjusted loans to total loans for deposit takers (Based on emission intensities - normalized),ECFLIN_RO,Ratio,100,84.7159241266316,64.5345786225981,60.7598269478284,68.0642632924607,64.3272530589549,62.8158344757939,74.2089597214223,69.3398581316165,72.3157989613271,94.1203226145783
138,Portugal,PT,PRT,Carbon footprint-adjusted loans to total loans for deposit takers (Based on emission intensities),ECFLI_RO,Ratio,142.791866197906,120.967449027219,92.1501291581625,86.7600907974222,97.1902317691608,91.8540851167311,89.6959023157737,105.964358472271,99.0116774451156,103.261078892805,134.396165132846
139,Portugal,PT,PRT,Carbon footprint-adjusted loans to total loans for deposit takers (Based on emission multipliers - normalized),,Ratio,100,82.6762863384701,65.1833285016802,60.2265217442174,65.9203735870041,59.100106916972,58.2614083995131,66.6575043531581,60.2960626109911,62.1734113321353,81.794702630469
140,Portugal,PT,PRT,Carbon footprint-adjusted loans to total loans for deposit takers (Based on emission multipliers),ECFLM_RO,Ratio,322.381377382064,266.532950666299,210.138912247192,194.159090348316,212.515008345186,190.527738713207,187.823930880539,214.89138066222,194.383277152465,200.435499817954,263.690888965669
141,Slovak Rep.,SK,SVK,Carbon footprint-adjusted loans to total loans for deposit takers (Based on emission intensities - normalized),ECFLIN_RO,Ratio,,100,68.9417129654453,49.1803030991406,52.3121411069874,58.1830898941769,51.8209325713598,53.3386964459762,54.0664151186806,49.5641021701736,67.2573127700611
142,Slovak Rep.,SK,SVK,Carbon footprint-adjusted loans to total loans for deposit takers (Based on emission intensities),ECFLI_RO,Ratio,,217.869710508011,150.203110457079,107.14898398906,113.972310390335,126.763329517059,112.902115775773,116.208863535595,117.794342101129,107.985165914052,146.533312627599
143,Slovak Rep.,SK,SVK,Carbon footprint-adjusted loans to total loans for deposit takers (Based on emission multipliers - normalized),,Ratio,,100,70.7381874328673,51.0394150530664,55.4384731388928,62.041900614343,56.9661693725705,57.2072456785822,55.718010290606,50.8279763798161,64.0444929105241
144,Slovak Rep.,SK,SVK,Carbon footprint-adjusted loans to total loans for deposit takers (Based on emission multipliers),ECFLM_RO,Ratio,,392.049358283978,277.328609892274,200.099699187443,217.346178183465,243.234873225715,223.335501464127,224.28063957482,218.442101792922,199.270755225801,251.086023471938
145,"Slovenia, Rep. of",SI,SVN,Carbon footprint-adjusted loans to total loans for deposit takers (Based on emission intensities - normalized),ECFLIN_RO,Ratio,,100,88.5351441490396,79.930632232614,88.9346168111758,85.6756802757947,80.825174945319,99.4633724547797,93.014644044348,90.7269790339401,98.8879719596196
146,"Slovenia, Rep. of",SI,SVN,Carbon footprint-adjusted loans to total loans for deposit takers (Based on emission intensities),ECFLI_RO,Ratio,,133.43931577963,118.140690576988,106.658888749533,118.673744164069,114.325041549564,107.852560424723,132.723243655003,124.118104587637,121.065460050418,131.955433171269
147,"Slovenia, Rep. of",SI,SVN,Carbon footprint-adjusted loans to total loans for deposit takers (Based on emission multipliers - normalized),,Ratio,,100,88.568066989088,77.7515392046034,86.876609914062,82.8391173110997,75.315285318534,87.253061698556,81.9813222836857,77.1915251465258,86.5362028608743
148,"Slovenia, Rep. of",SI,SVN,Carbon footprint-adjusted loans to total loans for deposit takers (Based on emission multipliers),ECFLM_RO,Ratio,,251.808113379143,223.021578541598,195.784683994357,218.762352392357,208.595618441015,189.649999046719,219.710288528673,206.435620965824,194.374523160053,217.905179813916
149,Spain,ES,ESP,Carbon footprint-adjusted loans to total loans for deposit takers (Based on emission intensities - normalized),ECFLIN_RO,Ratio,,,,,,,,,,100,132.0766761
150,Spain,ES,ESP,Carbon footprint-adjusted loans to total loans for deposit takers (Based on emission intensities),ECFLI_RO,Ratio,,,,,,,,,,67.52249534,89.18146748
151,Spain,ES,ESP,Carbon footprint-adjusted loans to total loans for deposit takers (Based on emission multipliers - normalized),,Ratio,,,,,,,,,,100,125.339185363518
152,Spain,ES,ESP,Carbon footprint-adjusted loans to total loans for deposit takers (Based on emission multipliers),ECFLM_RO,Ratio,,,,,,,,,,141.353661708491,177.171528066926
153,Switzerland,CH,CHE,Carbon footprint-adjusted loans to total loans for deposit takers (Based on emission intensities - normalized),ECFLIN_RO,Ratio,,,,,100,97.4452623587009,79.0576477645024,82.5802048371005,79.3252524681103,66.7841949180686,64.9132709564264
154,Switzerland,CH,CHE,Carbon footprint-adjusted loans to total loans for deposit takers (Based on emission intensities),ECFLI_RO,Ratio,,,,,19.3280238160676,18.8346692966808,15.2805549998015,15.9629312848711,15.3338909629773,12.9086072463217,12.5468656484365
155,Switzerland,CH,CHE,Carbon footprint-adjusted loans to total loans for deposit takers (Based on emission multipliers - normalized),,Ratio,,,,,100,97.7633433541443,79.9717196189443,84.5180292442001,79.8468451168753,69.3003333100145,65.2591562813787
156,Switzerland,CH,CHE,Carbon footprint-adjusted loans to total loans for deposit takers (Based on emission multipliers),ECFLM_RO,Ratio,,,,,39.7716352688406,38.8820803454346,31.8060606450664,33.6142023274153,31.7563960135597,27.5618758041498,25.9546336157526
157,Tunisia,TN,TUN,Carbon footprint-adjusted loans to total loans for deposit takers (Based on emission intensities - normalized),ECFLIN_RO,Ratio,100,108.964941403159,114.011676549866,94.0053950882825,102.792895884685,124.925667366493,107.375817620775,124.409718594609,118.852127507974,121.834780820314,141.785019089786
158,Tunisia,TN,TUN,Carbon footprint-adjusted loans to total loans for deposit takers (Based on emission intensities),ECFLI_RO,Ratio,219.960707337131,239.680055859878,250.780890186007,206.774931971251,226.103980880273,274.787381584968,236.184607947684,273.652497016836,261.427980351768,267.988645675006,311.871330887979
159,Tunisia,TN,TUN,Carbon footprint-adjusted loans to total loans for deposit takers (Based on emission multipliers - normalized),,Ratio,100,103.301506539259,102.110247127217,84.4450643285275,94.7615090887321,109.908147336138,95.0325094631866,105.683389046925,100.987892478599,103.097840077557,117.828294484019
160,Tunisia,TN,TUN,Carbon footprint-adjusted loans to total loans for deposit takers (Based on emission multipliers),ECFLM_RO,Ratio,431.282094155786,445.520900696991,440.383212157911,364.196441847274,408.689420851509,474.014159479122,409.858196941626,455.793533456385,435.542697525494,444.64252371587,508.172335958723
161,Turkey,TR,TUR,Carbon footprint-adjusted loans to total loans for deposit takers (Based on emission intensities - normalized),ECFLIN_RO,Ratio,100,107.381207491531,91.5059342806601,69.8658881704154,86.799416981503,92.2334684974779,98.5268826642144,102.076720690439,97.5328218207379,108.89556098732,128.204533279509
162,Turkey,TR,TUR,Carbon footprint-adjusted loans to total loans for deposit takers (Based on emission intensities),ECFLI_RO,Ratio,157.278616478338,168.887677500414,143.919267432199,109.884102304732,136.516922139771,145.063523182817,154.961717913511,160.544854048379,153.398272771939,171.269431727181,201.638316204522
163,Turkey,TR,TUR,Carbon footprint-adjusted loans to total loans for deposit takers (Based on emission multipliers - normalized),,Ratio,100,102.250479417535,90.8868826794716,74.1465719636966,90.8756443974711,88.0921867228099,91.1187141105859,90.9967092528317,86.2748519152572,96.5872230979961,111.900611163328
164,Turkey,TR,TUR,Carbon footprint-adjusted loans to total loans for deposit takers (Based on emission multipliers),ECFLM_RO,Ratio,419.351508803292,428.788928196033,381.135513820642,310.93476825568,381.088385915509,369.415914159916,382.1077024249,381.596073213094,361.794893224437,405.039977372648,469.256901273519
